{
    "HOST1": "35.201.150.83",
    "user1": "nitilram_abc",
    "password1": "dAnto4ILPq#v",
    "database1": "nitilram_prod",
    "HOST2": "104.199.225.80",
    "user2": "mcldiscu_prod",
    "password2": "!1uxmt^ivDPF",
    "database2": "mcldiscu_prod",
    "HOST5": "104.155.211.143",
    "user5": "dynamicdb",
    "password5": "66zp35Ptq1EjonHL",
    "database5": "dynamicdb",

    "HOST4": "104.199.225.80",
    "user4": "studentl_prod",
    "password4": "u1sRzg!^,$Nd",
    "database4": "studentl_b2clms"
	
}